{
	"info": {
		"_postman_id": "119639a4-d54b-4353-bb11-8d16f9b1362c",
		"name": "gazi",
		"schema": "https://schema.getpostman.com/json/collection/v2.1.0/collection.json"
	},
	"item": [
		{
			"name": "http://localhost:3001/api/music?item=coldplay&genre=&ID=0",
			"request": {
				"method": "GET",
				"header": [],
				"url": {
					"raw": "http://localhost:3001/api/music?item=coldplay&genre=&ID=0",
					"protocol": "http",
					"host": [
						"localhost"
					],
					"port": "3001",
					"path": [
						"api",
						"music"
					],
					"query": [
						{
							"key": "item",
							"value": "coldplay"
						},
						{
							"key": "genre",
							"value": ""
						},
						{
							"key": "ID",
							"value": "0"
						}
					]
				}
			},
			"response": []
		},
		{
			"name": "http://localhost:3001/api/music/addToMyFavorits",
			"request": {
				"method": "POST",
				"header": [],
				"body": {
					"mode": "raw",
					"raw": "{\n    \"ID\":\"1\"\n}",
					"options": {
						"raw": {
							"language": "json"
						}
					}
				},
				"url": {
					"raw": "http://localhost:3001/api/music/addToMyFavorits",
					"protocol": "http",
					"host": [
						"localhost"
					],
					"port": "3001",
					"path": [
						"api",
						"music",
						"addToMyFavorits"
					],
					"query": [
						{
							"key": "item",
							"value": "coldplay",
							"disabled": true
						},
						{
							"key": "genre",
							"value": "",
							"disabled": true
						},
						{
							"key": "ID",
							"value": "0",
							"disabled": true
						}
					]
				}
			},
			"response": []
		},
		{
			"name": "http://localhost:3001/api/music/removeFromMyFavorits",
			"request": {
				"method": "POST",
				"header": [],
				"body": {
					"mode": "raw",
					"raw": "{\n    \"ID\":\"1\"\n}",
					"options": {
						"raw": {
							"language": "json"
						}
					}
				},
				"url": {
					"raw": "http://localhost:3001/api/music/removeFromMyFavorits",
					"protocol": "http",
					"host": [
						"localhost"
					],
					"port": "3001",
					"path": [
						"api",
						"music",
						"removeFromMyFavorits"
					],
					"query": [
						{
							"key": "item",
							"value": "coldplay",
							"disabled": true
						},
						{
							"key": "genre",
							"value": "",
							"disabled": true
						},
						{
							"key": "ID",
							"value": "0",
							"disabled": true
						}
					]
				}
			},
			"response": []
		}
	]
}